Frame,Normal_X,Normal_Y,Normal_Z,Angle_deg,Visible_Area_m2,InlierCount,IsLargest
1,0.01924011755790153,-0.7177286230166382,-0.696057067760251,45.888,1.108652,35859,True
2,0.018179674100899195,-0.12094289050256368,-0.992492980673652,7.025,0.965887,39318,False
3,0.0256341133221478,0.3190230414580129,-0.947400227598171,18.666,0.827,37792,False
4,0.0467473574965878,0.5546428356208876,-0.8307743432855322,33.822,0.570905,23316,False
5,-0.015058846174721412,-0.27334468202054296,-0.9617982719692183,15.888,0.528435,32788,False
6,-0.04731603997010729,-0.48825074898185444,-0.8714197602075624,29.376,0.683889,35965,False
7,0.01129141313528678,-0.48875590832809773,-0.8723475030420986,29.267,0.409761,34979,False
